Titulo;Link;Data da postagem
Pentacampeão, Sub-14 do Verdão participa do Efipan;https://www.palmeiras.com.br/noticias/pentacampeao-sub-14-do-verdao-participa-do-efipan/;17/01/2024 11:56
Palmeiras vence Lemense no último jogo-treino da pré-temporada de 2024;https://www.palmeiras.com.br/noticias/palmeiras-vence-lemense-no-ultimo-jogo-treino-da-pre-temporada-de-2024/;16/01/2024 18:56
Em dia histórico, Leila Pereira convoca coletiva só com mulheres e anuncia renovação de Abel;https://www.palmeiras.com.br/noticias/em-dia-historico-leila-pereira-convoca-coletiva-so-com-mulheres-e-anuncia-renovacao-de-abel/;16/01/2024 15:52
Palmeiras vence o EC São Bernardo em jogo-treino com gols de Rony e Breno Lopes;https://www.palmeiras.com.br/noticias/palmeiras-vence-o-ec-sao-bernardo-em-jogo-treino-com-gols-de-rony-e-breno-lopes/;16/01/2024 13:03
Palmeiras é superado pelo Aster Itaquá e se despede da Copinha;https://www.palmeiras.com.br/noticias/palmeiras-e-superado-pelo-aster-itaqua-e-se-despede-da-copinha/;15/01/2024 20:48
Abel retorna ao Palmeiras e comenta expectativa para 2024: ‘Superar a nós próprios’;https://www.palmeiras.com.br/noticias/abel-retorna-ao-palmeiras-e-comenta-expectativa-para-2024-superar-a-nos-proprios/;15/01/2024 18:35
Palmeiras Experiências abre primeiras datas de 2024 para Academia Tour; Avanti tem desconto;https://www.palmeiras.com.br/noticias/palmeiras-experiencias-abre-primeiras-datas-de-2024-para-academia-tour-avanti-tem-desconto/;15/01/2024 16:28
Caio Paulista comemora chegada ao Palmeiras: ‘Fui muito bem recebido’;https://www.palmeiras.com.br/noticias/caio-paulista-comemora-chegada-ao-palmeiras-fui-muito-bem-recebido/;15/01/2024 14:48
Com Abel de volta, Palmeiras faz trabalhos técnicos e táticos na Academia de Futebol;https://www.palmeiras.com.br/noticias/com-abel-de-volta-palmeiras-faz-trabalhos-tecnicos-e-taticos-na-academia-de-futebol/;15/01/2024 12:34
Palmeiras se torna o primeiro time sul-americano a usar os dados do Opta Vision;https://www.palmeiras.com.br/noticias/palmeiras-se-torna-o-primeiro-time-sul-americano-a-usar-os-dados-do-opta-vision/;15/01/2024 11:59
Palestrinas se apresentam na Academia de Futebol e iniciam pré-temporada de 2024;https://www.palmeiras.com.br/noticias/palestrinas-se-apresentam-na-academia-de-futebol-e-iniciam-pre-temporada-de-2024/;14/01/2024 17:50
Palmeiras mede forças com Aster Itaquá pela terceira fase da Copinha;https://www.palmeiras.com.br/noticias/palmeiras-mede-forcas-com-aster-itaqua-pela-terceira-fase-da-copinha/;14/01/2024 15:14
Resgate gratuito: veja como assistir ao jogo contra o Aster Itaquá pela Copinha;https://www.palmeiras.com.br/noticias/resgate-gratuito-veja-como-assistir-ao-jogo-contra-o-aster-itaqua-pela-copinha/;14/01/2024 14:20
Primeiros títulos do ano! Verdão conquista Laranjeiras Cup nas categorias Sub-10, Sub-11 e Sub-13;https://www.palmeiras.com.br/noticias/primeiros-titulos-do-ano-verdao-conquista-laranjeiras-cup-nas-categorias-sub-10-sub-11-e-sub-13/;14/01/2024 13:49
Verdão faz atividades regenerativas após dia com dois jogos-treino na Academia;https://www.palmeiras.com.br/noticias/verdao-faz-atividades-regenerativas-apos-dia-com-dois-jogos-treino-na-academia/;14/01/2024 12:06
Palmeiras vence Sport de virada e avança à terceira fase da Copinha;https://www.palmeiras.com.br/noticias/palmeiras-vence-sport-de-virada-e-avanca-a-terceira-fase-da-copinha/;13/01/2024 19:16